date,ticker,weight_change,price,tc_cost
2022-01-07,AMZN,0.0604,162.5540008544922,4e-05
2022-01-07,NVDA,0.0634,27.192846298217773,4.2e-05
2022-01-07,TSLA,0.0626,342.32000732421875,4.1e-05
2022-01-07,BRK-B,0.0634,319.7799987792969,4.2e-05
2022-01-07,UNH,0.0626,425.34552001953125,4.1e-05
2022-01-07,MA,0.0634,360.4048767089844,4.2e-05
2022-01-07,MRK,0.0626,70.47940826416016,4.1e-05
2022-01-07,PFE,0.0626,44.620967864990234,4.1e-05
2022-01-14,AMZN,0.0063,162.13800048828125,0.0
2022-01-14,NVDA,0.0066,26.88845443725586,0.0
2022-01-14,TSLA,0.0065,349.8699951171875,0.0
2022-01-14,BRK-B,0.0066,324.1300048828125,0.0
2022-01-14,UNH,0.0065,434.703857421875,0.0
2022-01-14,MA,0.0066,362.8326721191406,0.0
2022-01-14,MRK,0.0065,71.42732238769531,0.0
2022-01-14,PFE,0.0065,44.00435256958008,0.0
2022-01-21,AMZN,-0.0079,142.64300537109375,1e-06
2022-01-21,NVDA,-0.0083,23.327543258666992,1e-06
2022-01-21,TSLA,-0.0082,314.6333312988281,1e-06
2022-01-21,BRK-B,-0.0083,305.2200012207031,1e-06
2022-01-21,UNH,-0.0082,427.7292175292969,1e-06
2022-01-21,MA,-0.0083,346.19921875,1e-06
2022-01-21,MRK,-0.0082,70.19853210449219,1e-06
2022-01-21,PFE,-0.0082,42.27460479736328,1e-06
2022-01-28,AMZN,-0.0043,143.97799682617188,0.0
2022-01-28,NVDA,-0.0045,22.794607162475586,0.0
2022-01-28,TSLA,-0.0045,282.1166687011719,0.0
2022-01-28,BRK-B,-0.0045,312.8999938964844,0.0
2022-01-28,UNH,-0.0045,432.2646179199219,0.0
2022-01-28,MA,-0.0045,372.9433288574219,0.0
2022-01-28,MRK,-0.0045,71.00601959228516,0.0
2022-01-28,PFE,-0.0045,43.83864212036133,0.0
2022-02-04,AMZN,-0.0065,157.63949584960938,0.0
2022-02-04,NVDA,-0.0068,24.270668029785156,0.0
2022-02-04,TSLA,-0.0067,307.7733459472656,0.0
2022-02-04,BRK-B,-0.0068,314.989990234375,0.0
2022-02-04,UNH,-0.0067,448.13385009765625,0.0
2022-02-04,MA,-0.0068,372.64105224609375,0.0
2022-02-04,MRK,-0.0067,68.95220184326172,0.0
2022-02-04,PFE,-0.0067,42.765464782714844,0.0
2022-02-11,AMZN,-0.0027,153.2935028076172,0.0
2022-02-11,NVDA,-0.0028,23.901405334472656,0.0
2022-02-11,TSLA,-0.0028,286.6666564941406,0.0
2022-02-11,BRK-B,-0.0028,319.1400146484375,0.0
2022-02-11,UNH,-0.0028,443.4593200683594,0.0
2022-02-11,MA,-0.0028,360.5220031738281,0.0
2022-02-11,MRK,-0.0028,67.26700592041016,0.0
2022-02-11,PFE,-0.0028,40.974159240722656,0.0
2022-02-18,AMZN,-0.0027,152.60150146484375,0.0
2022-02-18,NVDA,-0.0029,23.595014572143555,0.0
2022-02-18,TSLA,-0.0028,285.6600036621094,0.0
2022-02-18,BRK-B,-0.0029,314.79998779296875,0.0
2022-02-18,UNH,-0.0028,433.8876647949219,0.0
2022-02-18,MA,-0.0029,360.69744873046875,0.0
2022-02-18,MRK,-0.0028,67.030029296875,0.0
2022-02-18,PFE,-0.0028,39.15864181518555,0.0
2022-03-04,AMZN,0.0443,145.64100646972656,2.1e-05
2022-03-04,NVDA,0.0464,22.894317626953125,2.3e-05
2022-03-04,TSLA,0.0459,279.42999267578125,2.2e-05
2022-03-04,BRK-B,0.0464,325.3399963378906,2.3e-05
2022-03-04,UNH,0.0459,462.4914245605469,2.2e-05
2022-03-04,MA,0.0464,322.4875793457031,2.3e-05
2022-03-04,MRK,0.0459,68.3115005493164,2.2e-05
2022-03-04,PFE,0.0459,39.25547409057617,2.2e-05
2022-03-11,AMZN,-0.0036,145.52450561523438,0.0
2022-03-11,NVDA,-0.0038,22.05984115600586,0.0
2022-03-11,TSLA,-0.0038,265.1166687011719,0.0
2022-03-11,BRK-B,-0.0038,326.6000061035156,0.0
2022-03-11,UNH,-0.0038,449.180908203125,0.0
2022-03-11,MA,-0.0038,316.6669616699219,0.0
2022-03-11,MRK,-0.0038,68.68888854980469,0.0
2022-03-11,PFE,-0.0038,40.562644958496094,0.0
2022-03-18,AMZN,-0.0021,161.25050354003906,0.0
2022-03-18,NVDA,-0.0022,26.404924392700195,0.0
2022-03-18,TSLA,-0.0022,301.7966613769531,0.0
2022-03-18,BRK-B,-0.0022,342.4100036621094,0.0
2022-03-18,UNH,-0.0022,470.808837890625,0.0
2022-03-18,MA,-0.0022,341.33416748046875,0.0
2022-03-18,MRK,-0.0022,70.05257415771484,0.0
2022-03-18,PFE,-0.0022,43.98387908935547,0.0
2022-03-25,AMZN,0.0058,164.77349853515625,0.0
2022-03-25,NVDA,0.0061,27.64167022705078,0.0
2022-03-25,TSLA,0.006,336.8800048828125,0.0
2022-03-25,BRK-B,0.0061,358.760009765625,0.0
2022-03-25,UNH,0.006,477.23675537109375,0.0
2022-03-25,MA,0.0061,340.2908935546875,0.0
2022-03-25,MRK,0.006,72.02726745605469,0.0
2022-03-25,PFE,0.006,42.587947845458984,0.0
2022-04-01,AMZN,0.0029,163.55999755859375,0.0
2022-04-01,NVDA,0.003,26.663454055786133,0.0
2022-04-01,TSLA,0.003,361.5299987792969,0.0
2022-04-01,BRK-B,0.003,351.8800048828125,0.0
2022-04-01,UNH,0.003,476.8274230957031,0.0
2022-04-01,MA,0.003,354.86700439453125,0.0
2022-04-01,MRK,0.003,73.9576644897461,0.0
2022-04-01,PFE,0.003,41.611610412597656,0.0
2022-04-08,AMZN,0.0103,154.4604949951172,1e-06
2022-04-08,NVDA,0.0108,23.076984405517578,1e-06
2022-04-08,TSLA,0.0106,341.8299865722656,1e-06
2022-04-08,BRK-B,0.0108,353.1000061035156,1e-06
2022-04-08,UNH,0.0106,507.86920166015625,1e-06
2022-04-08,MA,0.0108,343.936279296875,1e-06
2022-04-08,MRK,0.0106,77.64136505126953,1e-06
2022-04-08,PFE,0.0106,44.51643371582031,1e-06
2022-04-22,AMZN,-0.0004,144.35000610351562,0.0
2022-04-22,NVDA,-0.0004,19.47953224182129,0.0
2022-04-22,TSLA,-0.0004,335.01666259765625,0.0
2022-04-22,BRK-B,-0.0004,335.55999755859375,0.0
2022-04-22,UNH,-0.0004,484.5948486328125,0.0
2022-04-22,MA,-0.0004,342.8721008300781,0.0
2022-04-22,MRK,-0.0004,74.90515899658203,0.0
2022-04-22,PFE,-0.0004,38.83588790893555,0.0
2022-07-15,AMZN,0.0408,113.55000305175781,1.8e-05
2022-07-15,NVDA,0.0428,15.736681938171387,1.9e-05
2022-07-15,TSLA,0.0423,240.06666564941406,1.9e-05
2022-07-15,BRK-B,0.0428,278.4800109863281,1.9e-05
2022-07-15,UNH,0.0423,494.5475769042969,1.9e-05
2022-07-15,MA,0.0428,325.20001220703125,1.9e-05
2022-07-15,MRK,0.0423,84.77607727050781,1.9e-05
2022-07-15,PFE,0.0423,42.097373962402344,1.9e-05
2022-07-22,AMZN,0.0099,122.41999816894531,1e-06
2022-07-22,NVDA,0.0104,17.291179656982422,1e-06
2022-07-22,TSLA,0.0103,272.24334716796875,1e-06
2022-07-22,BRK-B,0.0104,285.92999267578125,1e-06
2022-07-22,UNH,0.0103,486.76171875,1e-06
2022-07-22,MA,0.0104,336.2594299316406,1e-06
2022-07-22,MRK,0.0103,80.44619750976562,1e-06
2022-07-22,PFE,0.0103,41.67436981201172,1e-06
2022-07-29,AMZN,0.0057,134.9499969482422,0.0
2022-07-29,NVDA,0.006,18.13382339477539,0.0
2022-07-29,TSLA,0.0059,297.1499938964844,0.0
2022-07-29,BRK-B,0.006,300.6000061035156,0.0
2022-07-29,UNH,0.0059,506.3010559082031,0.0
2022-07-29,MA,0.006,345.9497985839844,0.0
2022-07-29,MRK,0.0059,79.75877380371094,0.0
2022-07-29,PFE,0.0059,41.407493591308594,0.0
2022-08-05,AMZN,-0.0004,140.8000030517578,0.0
2022-08-05,NVDA,-0.0004,18.95849609375,0.0
2022-08-05,TSLA,-0.0004,288.1700134277344,0.0
2022-08-05,BRK-B,-0.0004,292.07000732421875,0.0
2022-08-05,UNH,-0.0004,499.504638671875,0.0
2022-08-05,MA,-0.0004,349.5873107910156,0.0
2022-08-05,MRK,-0.0004,78.0357666015625,0.0
2022-08-05,PFE,-0.0004,40.390960693359375,0.0
2022-08-12,AMZN,-0.0046,143.5500030517578,0.0
2022-08-12,NVDA,-0.0048,18.678945541381836,0.0
2022-08-12,TSLA,-0.0048,300.0299987792969,0.0
2022-08-12,BRK-B,-0.0048,301.54998779296875,0.0
2022-08-12,UNH,-0.0048,507.5706481933594,0.0
2022-08-12,MA,-0.0048,346.4190979003906,0.0
2022-08-12,MRK,-0.0048,81.25860595703125,0.0
2022-08-12,PFE,-0.0048,41.07957458496094,0.0
2022-08-19,AMZN,0.0046,138.22999572753906,0.0
2022-08-19,NVDA,0.0049,17.820329666137695,0.0
2022-08-19,TSLA,0.0048,296.6666564941406,0.0
2022-08-19,BRK-B,0.0049,297.2799987792969,0.0
2022-08-19,UNH,0.0048,511.8836364746094,0.0
2022-08-19,MA,0.0049,346.42889404296875,0.0
2022-08-19,MRK,0.0048,82.2049331665039,0.0
2022-08-19,PFE,0.0048,40.292579650878906,0.0
2022-08-26,AMZN,-0.0065,130.75,0.0
2022-08-26,NVDA,-0.0068,16.233882904052734,0.0
2022-08-26,TSLA,-0.0068,288.0899963378906,0.0
2022-08-26,BRK-B,-0.0068,289.9599914550781,0.0
2022-08-26,UNH,-0.0068,494.080810546875,0.0
2022-08-26,MA,-0.0068,324.6035461425781,0.0
2022-08-26,MRK,-0.0068,79.68736267089844,0.0
2022-08-26,PFE,-0.0068,38.382476806640625,0.0
2022-09-02,AMZN,0.0035,127.51000213623047,0.0
2022-09-02,NVDA,0.0036,13.625079154968262,0.0
2022-09-02,TSLA,0.0036,270.2099914550781,0.0
2022-09-02,BRK-B,0.0036,277.6700134277344,0.0
2022-09-02,UNH,0.0036,482.0379638671875,0.0
2022-09-02,MA,0.0036,315.4118347167969,0.0
2022-09-02,MRK,0.0036,76.98230743408203,0.0
2022-09-02,PFE,0.0036,37.46431350708008,0.0
2022-09-09,AMZN,-0.0022,133.27000427246094,0.0
2022-09-09,NVDA,-0.0023,14.368159294128418,0.0
2022-09-09,TSLA,-0.0023,299.67999267578125,0.0
2022-09-09,BRK-B,-0.0023,285.7699890136719,0.0
2022-09-09,UNH,-0.0023,491.032958984375,0.0
2022-09-09,MA,-0.0023,328.4073181152344,0.0
2022-09-09,MRK,-0.0023,77.97325134277344,0.0
2022-09-09,PFE,-0.0023,39.218658447265625,0.0
2022-09-16,AMZN,-0.0044,123.52999877929688,0.0
2022-09-16,NVDA,-0.0046,13.18071460723877,0.0
2022-09-16,TSLA,-0.0045,303.3500061035156,0.0
2022-09-16,BRK-B,-0.0046,274.80999755859375,0.0
2022-09-16,UNH,-0.0045,487.9238586425781,0.0
2022-09-16,MA,-0.0046,308.1464538574219,0.0
2022-09-16,MRK,-0.0045,78.94386291503906,0.0
2022-09-16,PFE,-0.0045,37.734840393066406,0.0
2022-09-23,AMZN,0.0001,113.77999877929688,0.0
2022-09-23,NVDA,0.0001,12.49960708618164,0.0
2022-09-23,TSLA,0.0001,275.3299865722656,0.0
2022-09-23,BRK-B,0.0001,267.7699890136719,0.0
2022-09-23,UNH,0.0001,480.98455810546875,0.0
2022-09-23,MA,0.0001,287.0740661621094,0.0
2022-09-23,MRK,0.0001,78.09789276123047,0.0
2022-09-23,PFE,0.0001,36.136253356933594,0.0
2022-09-30,AMZN,0.0033,113.0,0.0
2022-09-30,NVDA,0.0035,12.123101234436035,0.0
2022-09-30,TSLA,0.0034,265.25,0.0
2022-09-30,BRK-B,0.0035,267.0199890136719,0.0
2022-09-30,UNH,0.0034,472.958984375,0.0
2022-09-30,MA,0.0035,278.038818359375,0.0
2022-09-30,MRK,0.0034,77.5039291381836,0.0
2022-09-30,PFE,0.0034,35.87392044067383,0.0
2022-10-14,AMZN,0.0484,106.9000015258789,2.6e-05
2022-10-14,NVDA,0.0508,11.212296485900879,2.7e-05
2022-10-14,TSLA,0.0502,204.99000549316406,2.7e-05
2022-10-14,BRK-B,0.0508,272.6700134277344,2.7e-05
2022-10-14,UNH,0.0502,480.53509521484375,2.7e-05
2022-10-14,MA,0.0508,282.7478942871094,2.7e-05
2022-10-14,MRK,0.0502,82.95763397216797,2.7e-05
2022-10-14,PFE,0.0502,35.136112213134766,2.7e-05
2022-11-18,AMZN,0.0399,94.13999938964844,1.7e-05
2022-11-18,NVDA,0.0418,15.388818740844727,1.8e-05
2022-11-18,TSLA,0.0413,180.19000244140625,1.8e-05
2022-11-18,BRK-B,0.0418,310.760009765625,1.8e-05
2022-11-18,UNH,0.0413,496.3334655761719,1.8e-05
2022-11-18,MA,0.0418,336.6158447265625,1.8e-05
2022-11-18,MRK,0.0413,93.80206298828125,1.8e-05
2022-11-18,PFE,0.0413,39.87725830078125,1.8e-05
2022-11-25,AMZN,0.001,93.41000366210938,0.0
2022-11-25,NVDA,0.001,16.248693466186523,0.0
2022-11-25,TSLA,0.001,182.86000061035156,0.0
2022-11-25,BRK-B,0.001,317.42999267578125,0.0
2022-11-25,UNH,0.001,503.4693603515625,0.0
2022-11-25,MA,0.001,344.0593566894531,0.0
2022-11-25,MRK,0.001,96.74488830566406,0.0
2022-11-25,PFE,0.001,40.68753433227539,0.0
2022-12-02,AMZN,-0.0009,94.12999725341797,0.0
2022-12-02,NVDA,-0.001,16.858211517333984,0.0
2022-12-02,TSLA,-0.0009,194.86000061035156,0.0
2022-12-02,BRK-B,-0.001,316.1499938964844,0.0
2022-12-02,UNH,-0.0009,503.6498718261719,0.0
2022-12-02,MA,-0.001,352.64886474609375,0.0
2022-12-02,MRK,-0.0009,99.0307846069336,0.0
2022-12-02,PFE,-0.0009,42.093116760253906,0.0
2022-12-09,AMZN,0.0008,89.08999633789062,0.0
2022-12-09,NVDA,0.0008,16.983078002929688,0.0
2022-12-09,TSLA,0.0008,179.0500030517578,0.0
2022-12-09,BRK-B,0.0008,306.3900146484375,0.0
2022-12-09,UNH,0.0008,506.5056457519531,0.0
2022-12-09,MA,0.0008,341.6500244140625,0.0
2022-12-09,MRK,0.0008,97.89684295654297,0.0
2022-12-09,PFE,0.0008,42.76283264160156,0.0
2022-12-16,AMZN,0.0111,87.86000061035156,1e-06
2022-12-16,NVDA,0.0116,16.553531646728516,1e-06
2022-12-16,TSLA,0.0115,150.22999572753906,1e-06
2022-12-16,BRK-B,0.0116,300.0,1e-06
2022-12-16,UNH,0.0115,491.9454345703125,1e-06
2022-12-16,MA,0.0116,338.7215881347656,1e-06
2022-12-16,MRK,0.0115,98.92593383789062,1e-06
2022-12-16,PFE,0.0115,42.49824905395508,1e-06
2022-12-23,AMZN,-0.0006,85.25,0.0
2022-12-23,NVDA,-0.0007,15.189971923828125,0.0
2022-12-23,TSLA,-0.0006,123.1500015258789,0.0
2022-12-23,BRK-B,-0.0007,306.489990234375,0.0
2022-12-23,UNH,-0.0006,499.0941162109375,0.0
2022-12-23,MA,-0.0007,336.5276794433594,0.0
2022-12-23,MRK,-0.0006,101.335693359375,0.0
2022-12-23,PFE,-0.0006,42.85377883911133,0.0
2022-12-30,AMZN,0.0033,84.0,0.0
2022-12-30,NVDA,0.0034,14.598596572875977,0.0
2022-12-30,TSLA,0.0034,123.18000030517578,0.0
2022-12-30,BRK-B,0.0034,308.8999938964844,0.0
2022-12-30,UNH,0.0034,498.0325927734375,0.0
2022-12-30,MA,0.0034,340.57269287109375,0.0
2022-12-30,MRK,0.0034,100.51129150390625,0.0
2022-12-30,PFE,0.0034,42.365962982177734,0.0
2023-01-06,AMZN,-0.0055,86.08000183105469,0.0
2023-01-06,NVDA,-0.0057,14.84333610534668,0.0
2023-01-06,TSLA,-0.0057,113.05999755859375,0.0
2023-01-06,BRK-B,-0.0057,318.69000244140625,0.0
2023-01-06,UNH,-0.0057,460.2888488769531,0.0
2023-01-06,MA,-0.0057,360.6866760253906,0.0
2023-01-06,MRK,-0.0057,104.03530883789062,0.0
2023-01-06,PFE,-0.0057,42.10137939453125,0.0
2023-01-13,AMZN,-0.0003,98.12000274658203,0.0
2023-01-13,NVDA,-0.0004,16.881189346313477,0.0
2023-01-13,TSLA,-0.0004,122.4000015258789,0.0
2023-01-13,BRK-B,-0.0004,317.6400146484375,0.0
2023-01-13,UNH,-0.0004,459.8849182128906,0.0
2023-01-13,MA,-0.0004,368.3876037597656,0.0
2023-01-13,MRK,-0.0004,101.68899536132812,0.0
2023-01-13,PFE,-0.0004,39.56305694580078,0.0
2023-01-20,AMZN,-0.0009,97.25,0.0
2023-01-20,NVDA,-0.0009,17.820194244384766,0.0
2023-01-20,TSLA,-0.0009,133.4199981689453,0.0
2023-01-20,BRK-B,-0.0009,309.8699951171875,0.0
2023-01-20,UNH,-0.0009,457.2077331542969,0.0
2023-01-20,MA,-0.0009,369.1331481933594,0.0
2023-01-20,MRK,-0.0009,99.59632873535156,0.0
2023-01-20,PFE,-0.0009,37.29759216308594,0.0
2023-01-27,AMZN,0.0098,102.23999786376953,1e-06
2023-01-27,NVDA,0.0103,20.34353256225586,1e-06
2023-01-27,TSLA,0.0102,177.89999389648438,1e-06
2023-01-27,BRK-B,0.0103,309.1700134277344,1e-06
2023-01-27,UNH,0.0102,456.578369140625,1e-06
2023-01-27,MA,0.0103,366.92584228515625,1e-06
2023-01-27,MRK,0.0102,95.4653549194336,1e-06
2023-01-27,PFE,0.0102,36.53858184814453,1e-06
2023-02-03,AMZN,-0.0025,103.38999938964844,0.0
2023-02-03,NVDA,-0.0027,21.0777587890625,0.0
2023-02-03,TSLA,-0.0026,189.97999572753906,0.0
2023-02-03,BRK-B,-0.0027,308.510009765625,0.0
2023-02-03,UNH,-0.0026,443.3990783691406,0.0
2023-02-03,MA,-0.0027,366.80816650390625,0.0
2023-02-03,MRK,-0.0026,93.25492095947266,0.0
2023-02-03,PFE,-0.0026,36.76388168334961,0.0
2023-02-10,AMZN,0.0067,97.61000061035156,0.0
2023-02-10,NVDA,0.0071,21.242584228515625,1e-06
2023-02-10,TSLA,0.007,196.88999938964844,1e-06
2023-02-10,BRK-B,0.0071,309.8900146484375,1e-06
2023-02-10,UNH,0.007,464.28118896484375,1e-06
2023-02-10,MA,0.0071,359.8626403808594,1e-06
2023-02-10,MRK,0.007,98.35521697998047,1e-06
2023-02-10,PFE,0.007,36.613677978515625,1e-06
2023-02-17,AMZN,-0.0008,97.19999694824219,0.0
2023-02-17,NVDA,-0.0008,21.365453720092773,0.0
2023-02-17,TSLA,-0.0008,208.30999755859375,0.0
2023-02-17,BRK-B,-0.0008,308.239990234375,0.0
2023-02-17,UNH,-0.0008,468.8182067871094,0.0
2023-02-17,MA,-0.0008,354.27093505859375,0.0
2023-02-17,MRK,-0.0008,99.21585083007812,0.0
2023-02-17,PFE,-0.0008,36.05463409423828,0.0
2023-02-24,AMZN,-0.0043,93.5,0.0
2023-02-24,NVDA,-0.0045,23.26145362854004,0.0
2023-02-24,TSLA,-0.0044,196.8800048828125,0.0
2023-02-24,BRK-B,-0.0045,304.0199890136719,0.0
2023-02-24,UNH,-0.0044,454.9626770019531,0.0
2023-02-24,MA,-0.0045,346.4129638671875,0.0
2023-02-24,MRK,-0.0044,99.551025390625,0.0
2023-02-24,PFE,-0.0044,34.83639907836914,0.0
2023-03-03,AMZN,0.0082,94.9000015258789,1e-06
2023-03-03,NVDA,0.0085,23.86481475830078,1e-06
2023-03-03,TSLA,0.0084,197.7899932861328,1e-06
2023-03-03,BRK-B,0.0085,312.45001220703125,1e-06
2023-03-03,UNH,0.0084,449.5425720214844,1e-06
2023-03-03,MA,0.0085,354.6339111328125,1e-06
2023-03-03,MRK,0.0084,96.82421875,1e-06
2023-03-03,PFE,0.0084,34.33576202392578,1e-06
2023-03-10,AMZN,-0.0015,90.7300033569336,0.0
2023-03-10,NVDA,-0.0016,22.94468879699707,0.0
2023-03-10,TSLA,-0.0016,173.44000244140625,0.0
2023-03-10,BRK-B,-0.0016,303.6300048828125,0.0
2023-03-10,UNH,-0.0016,433.95806884765625,0.0
2023-03-10,MA,-0.0016,340.51715087890625,0.0
2023-03-10,MRK,-0.0016,97.55801391601562,0.0
2023-03-10,PFE,-0.0016,32.86720275878906,0.0
2023-03-17,AMZN,-0.0066,98.94999694824219,0.0
2023-03-17,NVDA,-0.0069,25.702251434326172,0.0
2023-03-17,TSLA,-0.0068,180.1300048828125,0.0
2023-03-17,BRK-B,-0.0069,293.510009765625,0.0
2023-03-17,UNH,-0.0068,442.6026916503906,0.0
2023-03-17,MA,-0.0069,343.0187072753906,0.0
2023-03-17,MRK,-0.0068,94.96142578125,0.0
2023-03-17,PFE,-0.0068,33.45962905883789,0.0
2023-03-24,AMZN,0.0061,98.12999725341797,0.0
2023-03-24,NVDA,0.0064,26.75531578063965,0.0
2023-03-24,TSLA,0.0063,190.41000366210938,0.0
2023-03-24,BRK-B,0.0064,298.9200134277344,0.0
2023-03-24,UNH,0.0063,448.7209167480469,0.0
2023-03-24,MA,0.0064,344.95135498046875,0.0
2023-03-24,MRK,0.0063,95.59998321533203,0.0
2023-03-24,PFE,0.0063,33.70161056518555,0.0
2023-03-31,AMZN,-0.0008,103.29000091552734,0.0
2023-03-31,NVDA,-0.0008,27.752431869506836,0.0
2023-03-31,TSLA,-0.0008,207.4600067138672,0.0
2023-03-31,BRK-B,-0.0008,308.7699890136719,0.0
2023-03-31,UNH,-0.0008,445.51568603515625,0.0
2023-03-31,MA,-0.0008,356.5075378417969,0.0
2023-03-31,MRK,-0.0008,97.05039978027344,0.0
2023-03-31,PFE,-0.0008,34.04371643066406,0.0
2023-04-14,AMZN,0.0171,102.51000213623047,3e-06
2023-04-14,NVDA,0.0179,26.734333038330078,3e-06
2023-04-14,TSLA,0.0177,185.0,3e-06
2023-04-14,BRK-B,0.0179,319.739990234375,3e-06
2023-04-14,UNH,0.0177,482.469970703125,3e-06
2023-04-14,MA,0.0179,365.929443359375,3e-06
2023-04-14,MRK,0.0177,105.18733215332031,3e-06
2023-04-14,PFE,0.0177,34.3691291809082,3e-06
2023-04-21,AMZN,0.014,106.95999908447266,2e-06
2023-04-21,NVDA,0.0146,27.095014572143555,2e-06
2023-04-21,TSLA,0.0145,165.0800018310547,2e-06
2023-04-21,BRK-B,0.0146,324.3299865722656,2e-06
2023-04-21,UNH,0.0145,456.10235595703125,2e-06
2023-04-21,MA,0.0146,368.6903381347656,2e-06
2023-04-21,MRK,0.0145,105.24208068847656,2e-06
2023-04-21,PFE,0.0145,33.55141830444336,2e-06
2023-04-28,AMZN,-0.0134,105.44999694824219,2e-06
2023-04-28,NVDA,-0.0141,27.724456787109375,2e-06
2023-04-28,TSLA,-0.0139,164.30999755859375,2e-06
2023-04-28,BRK-B,-0.0141,328.54998779296875,2e-06
2023-04-28,UNH,-0.0139,463.8985900878906,2e-06
2023-04-28,MA,-0.0141,373.3967590332031,2e-06
2023-04-28,MRK,-0.0139,105.33329010009766,2e-06
2023-04-28,PFE,-0.0139,32.45000457763672,2e-06
2023-05-05,AMZN,-0.0036,105.66000366210938,0.0
2023-05-05,NVDA,-0.0038,28.654634475708008,0.0
2023-05-05,TSLA,-0.0037,170.05999755859375,0.0
2023-05-05,BRK-B,-0.0038,323.8800048828125,0.0
2023-05-05,UNH,-0.0037,465.963134765625,0.0
2023-05-05,MA,-0.0038,377.9459533691406,0.0
2023-05-05,MRK,-0.0037,107.34929656982422,0.0
2023-05-05,PFE,-0.0037,32.11623764038086,0.0
2023-05-12,AMZN,0.0053,110.26000213623047,0.0
2023-05-12,NVDA,0.0055,28.3149356842041,0.0
2023-05-12,TSLA,0.0055,167.97999572753906,0.0
2023-05-12,BRK-B,0.0055,322.489990234375,0.0
2023-05-12,UNH,0.0055,463.0877990722656,0.0
2023-05-12,MA,0.0055,375.2537841796875,0.0
2023-05-12,MRK,0.0055,106.856689453125,0.0
2023-05-12,PFE,0.0055,31.50225067138672,0.0
2023-05-19,AMZN,0.0017,116.25,0.0
2023-05-19,NVDA,0.0018,31.236347198486328,0.0
2023-05-19,TSLA,0.0018,180.13999938964844,0.0
2023-05-19,BRK-B,0.0018,330.3900146484375,0.0
2023-05-19,UNH,0.0018,451.3888244628906,0.0
2023-05-19,MA,0.0018,378.8400573730469,0.0
2023-05-19,MRK,0.0018,105.35153198242188,0.0
2023-05-19,PFE,0.0018,31.013051986694336,0.0
2023-05-26,AMZN,-0.0043,120.11000061035156,0.0
2023-05-26,NVDA,-0.0045,38.911556243896484,0.0
2023-05-26,TSLA,-0.0044,193.1699981689453,0.0
2023-05-26,BRK-B,-0.0045,320.6000061035156,0.0
2023-05-26,UNH,-0.0044,453.93408203125,0.0
2023-05-26,MA,-0.0045,367.8355712890625,0.0
2023-05-26,MRK,-0.0044,101.31956481933594,0.0
2023-05-26,PFE,-0.0044,31.713106155395508,0.0
2023-06-02,AMZN,-0.0008,124.25,0.0
2023-06-02,NVDA,-0.0008,39.29221725463867,0.0
2023-06-02,TSLA,-0.0008,213.97000122070312,0.0
2023-06-02,BRK-B,-0.0008,329.4800109863281,0.0
2023-06-02,UNH,-0.0008,470.9594421386719,0.0
2023-06-02,MA,-0.0008,367.2068176269531,0.0
2023-06-02,MRK,-0.0008,102.64228057861328,0.0
2023-06-02,PFE,-0.0008,32.354122161865234,0.0
2023-06-09,AMZN,0.0019,123.43000030517578,0.0
2023-06-09,NVDA,0.002,38.739715576171875,0.0
2023-06-09,TSLA,0.0019,244.39999389648438,0.0
2023-06-09,BRK-B,0.002,335.2900085449219,0.0
2023-06-09,UNH,0.0019,465.3409118652344,0.0
2023-06-09,MA,0.002,362.7754821777344,0.0
2023-06-09,MRK,0.0019,100.99115753173828,0.0
2023-06-09,PFE,0.0019,32.868614196777344,0.0
2023-06-16,AMZN,0.0015,125.48999786376953,0.0
2023-06-16,NVDA,0.0016,42.658653259277344,0.0
2023-06-16,TSLA,0.0016,260.5400085449219,0.0
2023-06-16,BRK-B,0.0016,338.30999755859375,0.0
2023-06-16,UNH,0.0016,433.9977722167969,0.0
2023-06-16,MA,0.0016,369.95794677734375,0.0
2023-06-16,MRK,0.0016,100.38945770263672,0.0
2023-06-16,PFE,0.0016,33.78795623779297,0.0
2023-06-23,AMZN,-0.0029,129.3300018310547,0.0
2023-06-23,NVDA,-0.0031,42.176029205322266,0.0
2023-06-23,TSLA,-0.003,256.6000061035156,0.0
2023-06-23,BRK-B,-0.0031,335.25,0.0
2023-06-23,UNH,-0.003,451.5189514160156,0.0
2023-06-23,MA,-0.0031,373.1806335449219,0.0
2023-06-23,MRK,-0.003,105.23812866210938,0.0
2023-06-23,PFE,-0.003,32.30351638793945,0.0
2023-06-30,AMZN,-0.0047,130.36000061035156,0.0
2023-06-30,NVDA,-0.0049,42.26895523071289,0.0
2023-06-30,TSLA,-0.0048,261.7699890136719,0.0
2023-06-30,BRK-B,-0.0049,341.0,0.0
2023-06-30,UNH,-0.0048,454.9645080566406,0.0
2023-06-30,MA,-0.0049,386.43511962890625,0.0
2023-06-30,MRK,-0.0048,105.9636001586914,0.0
2023-06-30,PFE,-0.0048,30.937149047851562,0.0
2023-07-07,AMZN,-0.0005,129.77999877929688,0.0
2023-07-07,NVDA,-0.0005,42.46979522705078,0.0
2023-07-07,TSLA,-0.0005,274.42999267578125,0.0
2023-07-07,BRK-B,-0.0005,340.8999938964844,0.0
2023-07-07,UNH,-0.0005,436.9226989746094,0.0
2023-07-07,MA,-0.0005,382.44805908203125,0.0
2023-07-07,MRK,-0.0005,100.0956039428711,0.0
2023-07-07,PFE,-0.0005,29.967193603515625,0.0
2023-07-14,AMZN,0.007,134.67999267578125,1e-06
2023-07-14,NVDA,0.0074,45.4334831237793,1e-06
2023-07-14,TSLA,0.0073,281.3800048828125,1e-06
2023-07-14,BRK-B,0.0074,341.0899963378906,1e-06
2023-07-14,UNH,0.0073,454.5196228027344,1e-06
2023-07-14,MA,0.0074,396.056396484375,1e-06
2023-07-14,MRK,0.0073,98.57121276855469,1e-06
2023-07-14,PFE,0.0073,30.63351058959961,1e-06
2023-07-21,AMZN,-0.0016,130.0,0.0
2023-07-21,NVDA,-0.0017,44.27438735961914,0.0
2023-07-21,TSLA,-0.0016,260.0199890136719,0.0
2023-07-21,BRK-B,-0.0017,345.760009765625,0.0
2023-07-21,UNH,-0.0016,479.47149658203125,0.0
2023-07-21,MA,-0.0017,391.1168212890625,0.0
2023-07-21,MRK,-0.0016,101.37205505371094,0.0
2023-07-21,PFE,-0.0016,31.544422149658203,0.0
2023-07-28,AMZN,0.0143,132.2100067138672,2e-06
2023-07-28,NVDA,0.0149,46.71348190307617,2e-06
2023-07-28,TSLA,0.0148,266.44000244140625,2e-06
2023-07-28,BRK-B,0.0149,349.80999755859375,2e-06
2023-07-28,UNH,0.0148,476.0448913574219,2e-06
2023-07-28,MA,0.0149,386.659423828125,2e-06
2023-07-28,MRK,0.0148,97.65290069580078,2e-06
2023-07-28,PFE,0.0148,30.761606216430664,2e-06
2023-08-04,AMZN,0.0024,139.57000732421875,0.0
2023-08-04,NVDA,0.0025,44.64509963989258,0.0
2023-08-04,TSLA,0.0024,253.86000061035156,0.0
2023-08-04,BRK-B,0.0025,349.989990234375,0.0
2023-08-04,UNH,0.0024,475.8745422363281,0.0
2023-08-04,MA,0.0025,385.0752868652344,0.0
2023-08-04,MRK,0.0024,96.42237854003906,0.0
2023-08-04,PFE,0.0024,29.866127014160156,0.0
2023-08-11,AMZN,-0.0102,138.41000366210938,1e-06
2023-08-11,NVDA,-0.0107,40.82308578491211,1e-06
2023-08-11,TSLA,-0.0106,242.64999389648438,1e-06
2023-08-11,BRK-B,-0.0107,358.3500061035156,1e-06
2023-08-11,UNH,-0.0106,480.8724365234375,1e-06
2023-08-11,MA,-0.0107,388.6471252441406,1e-06
2023-08-11,MRK,-0.0106,98.66304779052734,1e-06
2023-08-11,PFE,-0.0106,30.73601722717285,1e-06
2023-08-18,AMZN,0.0025,133.22000122070312,0.0
2023-08-18,NVDA,0.0026,43.26518249511719,0.0
2023-08-18,TSLA,0.0026,215.49000549316406,0.0
2023-08-18,BRK-B,0.0026,352.55999755859375,0.0
2023-08-18,UNH,0.0026,471.8136901855469,0.0
2023-08-18,MA,0.0026,385.88214111328125,0.0
2023-08-18,MRK,0.0026,100.27925872802734,0.0
2023-08-18,PFE,0.0026,31.26476287841797,0.0
2023-08-25,AMZN,-0.0166,133.25999450683594,3e-06
2023-08-25,NVDA,-0.0174,45.98206329345703,3e-06
2023-08-25,TSLA,-0.0172,238.58999633789062,3e-06
2023-08-25,BRK-B,-0.0174,355.92999267578125,3e-06
2023-08-25,UNH,-0.0172,462.99151611328125,3e-06
2023-08-25,MA,-0.0174,396.4302978515625,3e-06
2023-08-25,MRK,-0.0172,101.20677185058594,3e-06
2023-08-25,PFE,-0.0172,31.025981903076172,3e-06
2023-09-01,AMZN,0.0008,138.1199951171875,0.0
2023-09-01,NVDA,0.0008,48.47111129760742,0.0
2023-09-01,TSLA,0.0008,245.00999450683594,0.0
2023-09-01,BRK-B,0.0008,362.4599914550781,0.0
2023-09-01,UNH,0.0008,450.7995910644531,0.0
2023-09-01,MA,0.0008,408.90692138671875,0.0
2023-09-01,MRK,0.0008,100.86698913574219,0.0
2023-09-01,PFE,0.0008,30.514280319213867,0.0
2023-09-08,AMZN,0.0053,138.22999572753906,0.0
2023-09-08,NVDA,0.0055,45.54015350341797,0.0
2023-09-08,TSLA,0.0054,248.5,0.0
2023-09-08,BRK-B,0.0055,363.1499938964844,0.0
2023-09-08,UNH,0.0054,456.8591613769531,0.0
2023-09-08,MA,0.0055,408.1886901855469,0.0
2023-09-08,MRK,0.0054,100.14152526855469,0.0
2023-09-08,PFE,0.0054,29.209449768066406,0.0
2023-09-15,AMZN,0.0011,140.38999938964844,0.0
2023-09-15,NVDA,0.0011,43.86932373046875,0.0
2023-09-15,TSLA,0.0011,274.3900146484375,0.0
2023-09-15,BRK-B,0.0011,367.8599853515625,0.0
2023-09-15,UNH,0.0011,462.4942932128906,0.0
2023-09-15,MA,0.0011,407.6671142578125,0.0
2023-09-15,MRK,0.0011,99.40961456298828,0.0
2023-09-15,PFE,0.0011,29.055938720703125,0.0
2023-09-22,AMZN,0.0073,129.1199951171875,1e-06
2023-09-22,NVDA,0.0077,41.580928802490234,1e-06
2023-09-22,TSLA,0.0076,244.8800048828125,1e-06
2023-09-22,BRK-B,0.0077,360.1600036621094,1e-06
2023-09-22,UNH,0.0076,480.9294738769531,1e-06
2023-09-22,MA,0.0077,395.77099609375,1e-06
2023-09-22,MRK,0.0076,98.31863403320312,1e-06
2023-09-22,PFE,0.0076,27.8790340423584,1e-06
2023-09-29,AMZN,0.0112,127.12000274658203,1e-06
2023-09-29,NVDA,0.0117,43.46860122680664,1e-06
2023-09-29,TSLA,0.0116,250.22000122070312,1e-06
2023-09-29,BRK-B,0.0117,350.29998779296875,1e-06
2023-09-29,UNH,0.0116,479.11444091796875,1e-06
2023-09-29,MA,0.0117,389.56219482421875,1e-06
2023-09-29,MRK,0.0116,95.1843490600586,1e-06
2023-09-29,PFE,0.0116,28.28839111328125,1e-06
2023-10-06,AMZN,-0.0145,127.95999908447266,2e-06
2023-10-06,NVDA,-0.0152,45.73002243041992,2e-06
2023-10-06,TSLA,-0.015,260.5299987792969,2e-06
2023-10-06,BRK-B,-0.0152,346.3399963378906,2e-06
2023-10-06,UNH,-0.015,498.7088623046875,2e-06
2023-10-06,MA,-0.0152,392.1568298339844,2e-06
2023-10-06,MRK,-0.015,96.04420471191406,2e-06
2023-10-06,PFE,-0.015,28.2542781829834,2e-06
2023-10-13,AMZN,0.0048,129.7899932861328,0.0
2023-10-13,NVDA,0.005,45.42922592163086,0.0
2023-10-13,TSLA,0.005,251.1199951171875,0.0
2023-10-13,BRK-B,0.005,345.0899963378906,0.0
2023-10-13,UNH,0.005,512.5733032226562,0.0
2023-10-13,MA,0.005,392.2159423828125,0.0
2023-10-13,MRK,0.005,96.16439819335938,0.0
2023-10-13,PFE,0.005,27.3843936920166,0.0
2023-10-20,AMZN,-0.0173,125.16999816894531,3e-06
2023-10-20,NVDA,-0.0182,41.35807418823242,3e-06
2023-10-20,TSLA,-0.018,211.99000549316406,3e-06
2023-10-20,BRK-B,-0.0182,335.8599853515625,3e-06
2023-10-20,UNH,-0.018,500.8185729980469,3e-06
2023-10-20,MA,-0.0182,378.7948303222656,3e-06
2023-10-20,MRK,-0.018,94.92547607421875,3e-06
2023-10-20,PFE,-0.018,26.139257431030273,3e-06
2023-10-27,AMZN,-0.0009,127.73999786376953,0.0
2023-10-27,NVDA,-0.0009,40.471702575683594,0.0
2023-10-27,TSLA,-0.0009,207.3000030517578,0.0
2023-10-27,BRK-B,-0.0009,331.7099914550781,0.0
2023-10-27,UNH,-0.0009,498.5662841796875,0.0
2023-10-27,MA,-0.0009,358.7618713378906,0.0
2023-10-27,MRK,-0.0009,95.06415557861328,0.0
2023-10-27,PFE,-0.0009,25.678730010986328,0.0
2023-11-03,AMZN,-0.003,138.60000610351562,0.0
2023-11-03,NVDA,-0.0032,44.97355270385742,0.0
2023-11-03,TSLA,-0.0031,219.9600067138672,0.0
2023-11-03,BRK-B,-0.0032,351.80999755859375,0.0
2023-11-03,UNH,-0.0031,504.4960632324219,0.0
2023-11-03,MA,-0.0032,380.410888671875,0.0
2023-11-03,MRK,-0.0031,95.5819091796875,0.0
2023-11-03,PFE,-0.0031,26.65948486328125,0.0
2023-11-10,AMZN,-0.002,143.55999755859375,0.0
2023-11-10,NVDA,-0.0021,48.30122756958008,0.0
2023-11-10,TSLA,-0.002,214.64999389648438,0.0
2023-11-10,BRK-B,-0.0021,350.55999755859375,0.0
2023-11-10,UNH,-0.002,514.2933349609375,0.0
2023-11-10,MA,-0.0021,388.61920166015625,0.0
2023-11-10,MRK,-0.002,93.74202728271484,0.0
2023-11-10,PFE,-0.002,25.48041343688965,0.0
2023-11-17,AMZN,0.0195,145.17999267578125,4e-06
2023-11-17,NVDA,0.0205,49.26355743408203,4e-06
2023-11-17,TSLA,0.0202,234.3000030517578,4e-06
2023-11-17,BRK-B,0.0205,358.92999267578125,4e-06
2023-11-17,UNH,0.0202,509.61785888671875,4e-06
2023-11-17,MA,0.0205,394.4527587890625,4e-06
2023-11-17,MRK,0.0202,94.07487487792969,4e-06
2023-11-17,PFE,0.0202,25.8607177734375,4e-06
2023-11-24,AMZN,0.0139,146.74000549316406,2e-06
2023-11-24,NVDA,0.0145,47.74261474609375,2e-06
2023-11-24,TSLA,0.0144,235.4499969482422,2e-06
2023-11-24,BRK-B,0.0145,362.67999267578125,2e-06
2023-11-24,UNH,0.0144,519.8903198242188,2e-06
2023-11-24,MA,0.0145,406.4745178222656,2e-06
2023-11-24,MRK,0.0144,94.18582153320312,2e-06
2023-11-24,PFE,0.0144,26.362030029296875,2e-06
2023-12-01,AMZN,0.0126,147.02999877929688,2e-06
2023-12-01,NVDA,0.0132,46.73232650756836,2e-06
2023-12-01,TSLA,0.013,238.8300018310547,2e-06
2023-12-01,BRK-B,0.0132,357.07000732421875,2e-06
2023-12-01,UNH,0.013,521.7210693359375,2e-06
2023-12-01,MA,0.0132,408.3073425292969,2e-06
2023-12-01,MRK,0.013,95.6558837890625,2e-06
2023-12-01,PFE,0.013,24.987749099731445,2e-06
2023-12-08,AMZN,0.0093,147.4199981689453,1e-06
2023-12-08,NVDA,0.0098,47.47697830200195,1e-06
2023-12-08,TSLA,0.0096,243.83999633789062,1e-06
2023-12-08,BRK-B,0.0098,353.0799865722656,1e-06
2023-12-08,UNH,0.0096,524.2097778320312,1e-06
2023-12-08,MA,0.0098,406.1395568847656,1e-06
2023-12-08,MRK,0.0096,95.92400360107422,1e-06
2023-12-08,PFE,0.0096,24.875383377075195,1e-06
2023-12-15,AMZN,0.05,149.97000122070312,2.7e-05
2023-12-15,NVDA,0.0525,48.86013412475586,2.9e-05
2023-12-15,TSLA,0.0519,253.5,2.8e-05
2023-12-15,BRK-B,0.0525,356.5,2.9e-05
2023-12-15,UNH,0.0519,506.42681884765625,2.8e-05
2023-12-15,MA,0.0525,412.4559020996094,2.9e-05
2023-12-15,MRK,0.0519,97.8851089477539,2.8e-05
2023-12-15,PFE,0.0519,23.017074584960938,2.8e-05
2023-12-22,AMZN,-0.0646,153.4199981689453,4.6e-05
2023-12-22,NVDA,-0.0677,48.800174713134766,4.8e-05
2023-12-22,TSLA,-0.0669,252.5399932861328,4.7e-05
2023-12-22,BRK-B,-0.0677,356.4700012207031,4.8e-05
2023-12-22,UNH,-0.0669,496.1194152832031,4.7e-05
2023-12-22,MA,-0.0677,417.9051513671875,4.8e-05
2023-12-22,MRK,-0.0669,100.29707336425781,4.7e-05
2023-12-22,PFE,-0.0669,24.54694175720215,4.7e-05
2023-12-29,AMZN,-0.0014,151.94000244140625,0.0
2023-12-29,NVDA,-0.0014,49.49174880981445,0.0
2023-12-29,TSLA,-0.0014,248.47999572753906,0.0
2023-12-29,BRK-B,-0.0014,356.6600036621094,0.0
2023-12-29,UNH,-0.0014,501.9929504394531,0.0
2023-12-29,MA,-0.0014,420.2799072265625,0.0
2023-12-29,MRK,-0.0014,101.52633666992188,0.0
2023-12-29,PFE,-0.0014,24.8840274810791,0.0
2024-01-05,AMZN,0.0021,145.24000549316406,0.0
2024-01-05,NVDA,0.0022,49.06700134277344,0.0
2024-01-05,TSLA,0.0021,237.49000549316406,0.0
2024-01-05,BRK-B,0.0022,365.5899963378906,0.0
2024-01-05,UNH,0.0021,512.3958129882812,0.0
2024-01-05,MA,0.0022,413.29351806640625,0.0
2024-01-05,MRK,0.0021,109.16270446777344,0.0
2024-01-05,PFE,0.0021,25.471771240234375,0.0
2024-01-12,AMZN,-0.0084,154.6199951171875,1e-06
2024-01-12,NVDA,-0.0088,54.676578521728516,1e-06
2024-01-12,TSLA,-0.0087,218.88999938964844,1e-06
2024-01-12,BRK-B,-0.0088,363.6199951171875,1e-06
2024-01-12,UNH,-0.0087,497.26361083984375,1e-06
2024-01-12,MA,-0.0088,423.49853515625,1e-06
2024-01-12,MRK,-0.0087,110.47578430175781,1e-06
2024-01-12,PFE,-0.0087,24.806236267089844,1e-06
2024-01-19,AMZN,0.0013,155.33999633789062,0.0
2024-01-19,NVDA,0.0014,59.45466232299805,0.0
2024-01-19,TSLA,0.0014,212.19000244140625,0.0
2024-01-19,BRK-B,0.0014,366.989990234375,0.0
2024-01-19,UNH,0.0014,480.148193359375,0.0
2024-01-19,MA,0.0014,431.0782470703125,0.0
2024-01-19,MRK,0.0014,110.71791076660156,0.0
2024-01-19,PFE,0.0014,24.443220138549805,0.0
2024-01-26,AMZN,0.0109,159.1199951171875,1e-06
2024-01-26,NVDA,0.0114,60.993717193603516,1e-06
2024-01-26,TSLA,0.0113,183.25,1e-06
2024-01-26,BRK-B,0.0114,385.3999938964844,1e-06
2024-01-26,UNH,0.0113,479.80499267578125,1e-06
2024-01-26,MA,0.0114,432.805419921875,1e-06
2024-01-26,MRK,0.0113,112.51525115966797,1e-06
2024-01-26,PFE,0.0113,24.10041046142578,1e-06
2024-02-02,AMZN,-0.0199,171.80999755859375,4e-06
2024-02-02,NVDA,-0.0209,66.11959838867188,5e-06
2024-02-02,TSLA,-0.0206,187.91000366210938,4e-06
2024-02-02,BRK-B,-0.0209,390.75,5e-06
2024-02-02,UNH,-0.0206,486.5081481933594,4e-06
2024-02-02,MA,-0.0209,454.56756591796875,5e-06
2024-02-02,MRK,-0.0206,117.72100830078125,4e-06
2024-02-02,PFE,-0.0206,23.62664794921875,4e-06
2024-02-09,AMZN,-0.0006,174.4499969482422,0.0
2024-02-09,NVDA,-0.0007,72.08895111083984,0.0
2024-02-09,TSLA,-0.0006,193.57000732421875,0.0
2024-02-09,BRK-B,-0.0007,398.3599853515625,0.0
2024-02-09,UNH,-0.0006,494.1265563964844,0.0
2024-02-09,MA,-0.0007,451.90277099609375,0.0
2024-02-09,MRK,-0.0006,116.82698822021484,0.0
2024-02-09,PFE,-0.0006,24.179367065429688,0.0
2024-02-16,AMZN,-0.0029,169.50999450683594,0.0
2024-02-16,NVDA,-0.0031,72.56863403320312,0.0
2024-02-16,TSLA,-0.003,199.9499969482422,0.0
2024-02-16,BRK-B,-0.0031,405.989990234375,0.0
2024-02-16,UNH,-0.003,497.30181884765625,0.0
2024-02-16,MA,-0.0031,462.01898193359375,0.0
2024-02-16,MRK,-0.003,119.00616455078125,0.0
2024-02-16,PFE,-0.003,24.23200798034668,0.0
2024-02-23,AMZN,-0.0219,174.99000549316406,5e-06
2024-02-23,NVDA,-0.023,78.76885986328125,6e-06
2024-02-23,TSLA,-0.0227,191.97000122070312,5e-06
2024-02-23,BRK-B,-0.023,417.2200012207031,6e-06
2024-02-23,UNH,-0.0227,502.72723388671875,5e-06
2024-02-23,MA,-0.023,467.23992919921875,6e-06
2024-02-23,MRK,-0.0227,120.55205535888672,5e-06
2024-02-23,PFE,-0.0227,24.354835510253906,5e-06
2024-03-01,AMZN,0.0065,178.22000122070312,0.0
2024-03-01,NVDA,0.0068,82.2287368774414,0.0
2024-03-01,TSLA,0.0068,202.63999938964844,0.0
2024-03-01,BRK-B,0.0068,407.1099853515625,0.0
2024-03-01,UNH,0.0068,466.7705078125,0.0
2024-03-01,MA,0.0068,470.40802001953125,0.0
2024-03-01,MRK,0.0068,118.23320007324219,0.0
2024-03-01,PFE,0.0068,23.328353881835938,0.0
2024-03-08,AMZN,-0.0018,175.35000610351562,0.0
2024-03-08,NVDA,-0.0019,87.47863006591797,0.0
2024-03-08,TSLA,-0.0018,175.33999633789062,0.0
2024-03-08,BRK-B,-0.0019,403.1499938964844,0.0
2024-03-08,UNH,-0.0018,456.2043762207031,0.0
2024-03-08,MA,-0.0019,463.13421630859375,0.0
2024-03-08,MRK,-0.0018,115.01103973388672,0.0
2024-03-08,PFE,-0.0018,23.881074905395508,0.0
2024-03-15,AMZN,0.0012,174.4199981689453,0.0
2024-03-15,NVDA,0.0012,87.78746032714844,0.0
2024-03-15,TSLA,0.0012,163.57000732421875,0.0
2024-03-15,BRK-B,0.0012,408.1300048828125,0.0
2024-03-15,UNH,0.0012,469.84539794921875,0.0
2024-03-15,MA,0.0012,469.6184997558594,0.0
2024-03-15,MRK,0.0012,113.88497161865234,0.0
2024-03-15,PFE,0.0012,24.512758255004883,0.0
2024-03-22,AMZN,0.0343,178.8699951171875,1.3e-05
2024-03-22,NVDA,0.0359,94.23580932617188,1.3e-05
2024-03-22,TSLA,0.0355,170.8300018310547,1.3e-05
2024-03-22,BRK-B,0.0359,411.6000061035156,1.3e-05
2024-03-22,UNH,0.0355,469.1274719238281,1.3e-05
2024-03-22,MA,0.0359,475.38226318359375,1.3e-05
2024-03-22,MRK,0.0355,116.06858825683594,1.3e-05
2024-03-22,PFE,0.0355,24.003902435302734,1.3e-05
2024-04-05,AMZN,-0.0042,185.07000732421875,0.0
2024-04-05,NVDA,-0.0044,87.95836639404297,0.0
2024-04-05,TSLA,-0.0043,164.89999389648438,0.0
2024-04-05,BRK-B,-0.0044,418.6199951171875,0.0
2024-04-05,UNH,-0.0043,436.2645263671875,0.0
2024-04-05,MA,-0.0044,470.9212341308594,0.0
2024-04-05,MRK,-0.0043,119.9484634399414,0.0
2024-04-05,PFE,-0.0043,23.389768600463867,0.0
2024-04-12,AMZN,0.0007,186.1300048828125,0.0
2024-04-12,NVDA,0.0008,88.13626098632812,0.0
2024-04-12,TSLA,0.0008,171.0500030517578,0.0
2024-04-12,BRK-B,0.0008,403.260009765625,0.0
2024-04-12,UNH,0.0008,420.4313659667969,0.0
2024-04-12,MA,0.0008,459.94110107421875,0.0
2024-04-12,MRK,0.0008,117.83983612060547,0.0
2024-04-12,PFE,0.0008,22.687898635864258,0.0
2024-04-19,AMZN,0.0061,174.6300048828125,0.0
2024-04-19,NVDA,0.0064,76.15701293945312,0.0
2024-04-19,TSLA,0.0064,147.0500030517578,0.0
2024-04-19,BRK-B,0.0064,405.0799865722656,0.0
2024-04-19,UNH,0.0064,479.7148132324219,0.0
2024-04-19,MA,0.0064,450.06787109375,0.0
2024-04-19,MRK,0.0064,117.8773193359375,0.0
2024-04-19,PFE,0.0064,22.810728073120117,0.0
2024-04-26,AMZN,-0.0169,179.6199951171875,3e-06
2024-04-26,NVDA,-0.0177,87.68551635742188,3e-06
2024-04-26,TSLA,-0.0175,168.2899932861328,3e-06
2024-04-26,BRK-B,-0.0177,402.1000061035156,3e-06
2024-04-26,UNH,-0.0175,474.18182373046875,3e-06
2024-04-26,MA,-0.0177,457.01568603515625,3e-06
2024-04-26,MRK,-0.0175,122.956787109375,3e-06
2024-04-26,PFE,-0.0175,22.284324645996094,3e-06
2024-05-03,AMZN,-0.0089,186.2100067138672,1e-06
2024-05-03,NVDA,-0.0094,88.7389144897461,1e-06
2024-05-03,TSLA,-0.0092,181.19000244140625,1e-06
2024-05-03,BRK-B,-0.0094,400.8699951171875,1e-06
2024-05-03,UNH,-0.0092,471.40576171875,1e-06
2024-05-03,MA,-0.0094,438.39581298828125,1e-06
2024-05-03,MRK,-0.0092,119.4986343383789,1e-06
2024-05-03,PFE,-0.0092,24.398700714111328,1e-06
2024-05-10,AMZN,-0.0011,187.47999572753906,0.0
2024-05-10,NVDA,-0.0012,89.82731628417969,0.0
2024-05-10,TSLA,-0.0011,168.47000122070312,0.0
2024-05-10,BRK-B,-0.0012,412.04998779296875,0.0
2024-05-10,UNH,-0.0011,490.895751953125,0.0
2024-05-10,MA,-0.0012,451.63922119140625,0.0
2024-05-10,MRK,-0.0011,121.88841247558594,0.0
2024-05-10,PFE,-0.0011,24.94476890563965,0.0
2024-05-17,AMZN,0.0137,184.6999969482422,2e-06
2024-05-17,NVDA,0.0144,92.42684173583984,2e-06
2024-05-17,TSLA,0.0142,177.4600067138672,2e-06
2024-05-17,BRK-B,0.0144,416.94000244140625,2e-06
2024-05-17,UNH,0.0142,502.21063232421875,2e-06
2024-05-17,MA,0.0144,454.89080810546875,2e-06
2024-05-17,MRK,0.0142,122.9474105834961,2e-06
2024-05-17,PFE,0.0142,25.50582504272461,2e-06
2024-05-24,AMZN,0.0048,180.75,0.0
2024-05-24,NVDA,0.005,106.4089584350586,0.0
2024-05-24,TSLA,0.005,179.24000549316406,0.0
2024-05-24,BRK-B,0.005,407.4100036621094,0.0
2024-05-24,UNH,0.005,486.4540100097656,0.0
2024-05-24,MA,0.005,445.9070129394531,0.0
2024-05-24,MRK,0.005,121.35421752929688,0.0
2024-05-24,PFE,0.005,25.719558715820312,0.0
2024-05-31,AMZN,0.0338,176.44000244140625,1.3e-05
2024-05-31,NVDA,0.0355,109.5711669921875,1.3e-05
2024-05-31,TSLA,0.035,178.0800018310547,1.3e-05
2024-05-31,BRK-B,0.0355,414.3999938964844,1.3e-05
2024-05-31,UNH,0.035,474.20098876953125,1.3e-05
2024-05-31,MA,0.0355,441.8450927734375,1.3e-05
2024-05-31,MRK,0.035,117.65241241455078,1.3e-05
2024-05-31,PFE,0.035,25.523635864257812,1.3e-05
2024-06-07,AMZN,0.0153,184.3000030517578,3e-06
2024-06-07,NVDA,0.0161,120.81981658935547,3e-06
2024-06-07,TSLA,0.0159,177.47999572753906,3e-06
2024-06-07,BRK-B,0.0161,413.7200012207031,3e-06
2024-06-07,UNH,0.0159,469.72100830078125,3e-06
2024-06-07,MA,0.0161,444.53326416015625,3e-06
2024-06-07,MRK,0.0159,122.4600830078125,3e-06
2024-06-07,PFE,0.0159,25.452390670776367,3e-06
2024-06-14,AMZN,0.0002,183.66000366210938,0.0
2024-06-14,NVDA,0.0002,131.8164520263672,0.0
2024-06-14,TSLA,0.0002,178.00999450683594,0.0
2024-06-14,BRK-B,0.0002,405.5400085449219,0.0
2024-06-14,UNH,0.0002,475.8761291503906,0.0
2024-06-14,MA,0.0002,439.4336242675781,0.0
2024-06-14,MRK,0.0002,121.3448486328125,0.0
2024-06-14,PFE,0.0002,24.517295837402344,0.0
2024-06-21,AMZN,0.0168,189.0800018310547,3e-06
2024-06-21,NVDA,0.0176,126.50899505615234,3e-06
2024-06-21,TSLA,0.0174,183.00999450683594,3e-06
2024-06-21,BRK-B,0.0176,409.6199951171875,3e-06
2024-06-21,UNH,0.0174,463.9268798828125,3e-06
2024-06-21,MA,0.0176,449.5341796875,3e-06
2024-06-21,MRK,0.0174,123.23982238769531,3e-06
2024-06-21,PFE,0.0174,24.704317092895508,3e-06
2024-06-28,AMZN,0.0041,193.25,0.0
2024-06-28,NVDA,0.0043,123.48046112060547,0.0
2024-06-28,TSLA,0.0042,197.8800048828125,0.0
2024-06-28,BRK-B,0.0043,406.79998779296875,0.0
2024-06-28,UNH,0.0042,489.5655212402344,0.0
2024-06-28,MA,0.0043,436.00421142578125,0.0
2024-06-28,MRK,0.0042,116.71582794189453,0.0
2024-06-28,PFE,0.0042,24.91805076599121,0.0
2024-07-05,AMZN,-0.0209,200.0,5e-06
2024-07-05,NVDA,-0.0219,125.76936340332031,5e-06
2024-07-05,TSLA,-0.0216,251.52000427246094,5e-06
2024-07-05,BRK-B,-0.0219,411.1700134277344,5e-06
2024-07-05,UNH,-0.0216,469.1373291015625,5e-06
2024-07-05,MA,-0.0219,444.23681640625,5e-06
2024-07-05,MRK,-0.0216,119.21417999267578,5e-06
2024-07-05,PFE,-0.0216,24.980388641357422,5e-06
2024-07-12,AMZN,-0.0269,194.49000549316406,8e-06
2024-07-12,NVDA,-0.0282,129.177734375,8e-06
2024-07-12,TSLA,-0.0278,248.22999572753906,8e-06
2024-07-12,BRK-B,-0.0282,424.44000244140625,8e-06
2024-07-12,UNH,-0.0278,491.7476806640625,8e-06
2024-07-12,MA,-0.0282,435.6106872558594,8e-06
2024-07-12,MRK,-0.0278,120.44922637939453,8e-06
2024-07-12,PFE,-0.0278,25.75518226623535,8e-06
2024-07-19,AMZN,-0.0169,183.1300048828125,3e-06
2024-07-19,NVDA,-0.0177,117.8731689453125,3e-06
2024-07-19,TSLA,-0.0175,239.1999969482422,3e-06
2024-07-19,BRK-B,-0.0177,434.4700012207031,3e-06
2024-07-19,UNH,-0.0175,543.4671630859375,3e-06
2024-07-19,MA,-0.0177,439.15411376953125,3e-06
2024-07-19,MRK,-0.0175,118.57308959960938,3e-06
2024-07-19,PFE,-0.0175,26.690277099609375,3e-06
2024-07-26,AMZN,-0.0283,182.5,9e-06
2024-07-26,NVDA,-0.0297,113.00550842285156,9e-06
2024-07-26,TSLA,-0.0293,219.8000030517578,9e-06
2024-07-26,BRK-B,-0.0297,437.6600036621094,9e-06
2024-07-26,UNH,-0.0293,547.6873168945312,9e-06
2024-07-26,MA,-0.0297,433.700439453125,9e-06
2024-07-26,MRK,-0.0293,118.09227752685547,9e-06
2024-07-26,PFE,-0.0293,27.789464950561523,9e-06
2024-08-02,AMZN,-0.0162,167.89999389648438,3e-06
2024-08-02,NVDA,-0.017,107.21829986572266,3e-06
2024-08-02,TSLA,-0.0168,207.6699981689453,3e-06
2024-08-02,BRK-B,-0.017,428.3599853515625,3e-06
2024-08-02,UNH,-0.0168,567.0195922851562,3e-06
2024-08-02,MA,-0.017,457.29669189453125,3e-06
2024-08-02,MRK,-0.0168,108.60794067382812,3e-06
2024-08-02,PFE,-0.0168,27.482397079467773,3e-06
2024-08-09,AMZN,-0.0103,166.94000244140625,1e-06
2024-08-09,NVDA,-0.0108,104.69951629638672,1e-06
2024-08-09,TSLA,-0.0106,200.0,1e-06
2024-08-09,BRK-B,-0.0108,431.6700134277344,1e-06
2024-08-09,UNH,-0.0106,537.1511840820312,1e-06
2024-08-09,MA,-0.0108,452.11029052734375,1e-06
2024-08-09,MRK,-0.0106,107.99513244628906,1e-06
2024-08-09,PFE,-0.0106,25.784503936767578,1e-06
2024-08-16,AMZN,-0.0038,177.05999755859375,0.0
2024-08-16,NVDA,-0.004,124.51995849609375,0.0
2024-08-16,TSLA,-0.0039,216.1199951171875,0.0
2024-08-16,BRK-B,-0.004,444.510009765625,0.0
2024-08-16,UNH,-0.0039,555.3395385742188,0.0
2024-08-16,MA,-0.004,464.0865783691406,0.0
2024-08-16,MRK,-0.0039,107.16548156738281,0.0
2024-08-16,PFE,-0.0039,25.558717727661133,0.0
2024-08-23,AMZN,0.0014,177.0399932861328,0.0
2024-08-23,NVDA,0.0015,129.30763244628906,0.0
2024-08-23,TSLA,0.0014,220.32000732421875,0.0
2024-08-23,BRK-B,0.0015,453.3800048828125,0.0
2024-08-23,UNH,0.0014,561.9052734375,0.0
2024-08-23,MA,0.0015,461.6715393066406,0.0
2024-08-23,MRK,0.0014,109.92781829833984,0.0
2024-08-23,PFE,0.0014,26.10059928894043,0.0
2024-08-30,AMZN,0.0065,178.5,0.0
2024-08-30,NVDA,0.0068,119.3124771118164,0.0
2024-08-30,TSLA,0.0067,214.11000061035156,0.0
2024-08-30,BRK-B,0.0068,475.9200134277344,0.0
2024-08-30,UNH,0.0067,567.3753662109375,0.0
2024-08-30,MA,0.0068,478.3987731933594,0.0
2024-08-30,MRK,0.0067,111.67196655273438,0.0
2024-08-30,PFE,0.0067,26.199947357177734,0.0
2024-09-06,AMZN,0.0084,171.38999938964844,1e-06
2024-09-06,NVDA,0.0088,102.78044891357422,1e-06
2024-09-06,TSLA,0.0087,210.72999572753906,1e-06
2024-09-06,BRK-B,0.0088,459.4200134277344,1e-06
2024-09-06,UNH,0.0087,573.7969970703125,1e-06
2024-09-06,MA,0.0088,471.2525634765625,1e-06
2024-09-06,MRK,0.0087,111.09687805175781,1e-06
2024-09-06,PFE,0.0087,25.793535232543945,1e-06
2024-09-13,AMZN,0.0047,186.49000549316406,0.0
2024-09-13,NVDA,0.0049,119.05278015136719,0.0
2024-09-13,TSLA,0.0049,230.2899932861328,0.0
2024-09-13,BRK-B,0.0049,447.6099853515625,0.0
2024-09-13,UNH,0.0049,571.3360595703125,0.0
2024-09-13,MA,0.0049,488.3162536621094,0.0
2024-09-13,MRK,0.0049,109.23016357421875,0.0
2024-09-13,PFE,0.0049,26.43476104736328,0.0
2024-09-20,AMZN,0.0033,191.60000610351562,0.0
2024-09-20,NVDA,0.0035,115.95401763916016,0.0
2024-09-20,TSLA,0.0034,238.25,0.0
2024-09-20,BRK-B,0.0035,455.30999755859375,0.0
2024-09-20,UNH,0.0034,554.7232666015625,0.0
2024-09-20,MA,0.0035,487.7026672363281,0.0
2024-09-20,MRK,0.0034,111.20426940917969,0.0
2024-09-20,PFE,0.0034,26.57023048400879,0.0
2024-09-27,AMZN,0.0079,187.97000122070312,1e-06
2024-09-27,NVDA,0.0083,121.35187530517578,1e-06
2024-09-27,TSLA,0.0082,260.4599914550781,1e-06
2024-09-27,BRK-B,0.0083,457.4700012207031,1e-06
2024-09-27,UNH,0.0082,561.3316040039062,1e-06
2024-09-27,MA,0.0083,488.59344482421875,1e-06
2024-09-27,MRK,0.0082,107.90145111083984,1e-06
2024-09-27,PFE,0.0082,26.272199630737305,1e-06
2024-10-04,AMZN,0.0083,186.50999450683594,1e-06
2024-10-04,NVDA,0.0087,124.87047576904297,1e-06
2024-10-04,TSLA,0.0086,250.0800018310547,1e-06
2024-10-04,BRK-B,0.0087,461.9700012207031,1e-06
2024-10-04,UNH,0.0086,570.3519897460938,1e-06
2024-10-04,MA,0.0087,492.6119384765625,1e-06
2024-10-04,MRK,0.0086,104.1810302734375,1e-06
2024-10-04,PFE,0.0086,25.81159782409668,1e-06
2024-10-11,AMZN,0.0236,188.82000732421875,6e-06
2024-10-11,NVDA,0.0247,134.74656677246094,6e-06
2024-10-11,TSLA,0.0244,217.8000030517578,6e-06
2024-10-11,BRK-B,0.0247,460.2099914550781,6e-06
2024-10-11,UNH,0.0244,576.9603271484375,6e-06
2024-10-11,MA,0.0247,497.7862854003906,6e-06
2024-10-11,MRK,0.0244,104.1430892944336,6e-06
2024-10-11,PFE,0.0244,26.335416793823242,6e-06
2024-10-18,AMZN,-0.0024,188.99000549316406,0.0
2024-10-18,NVDA,-0.0025,137.94529724121094,0.0
2024-10-18,TSLA,-0.0025,220.6999969482422,0.0
2024-10-18,BRK-B,-0.0025,464.79998779296875,0.0
2024-10-18,UNH,-0.0025,549.5233154296875,0.0
2024-10-18,MA,-0.0025,511.74090576171875,0.0
2024-10-18,MRK,-0.0025,103.16551971435547,0.0
2024-10-18,PFE,-0.0025,26.389604568481445,0.0
2024-10-25,AMZN,-0.023,187.8300018310547,6e-06
2024-10-25,NVDA,-0.0242,141.48388671875,6e-06
2024-10-25,TSLA,-0.0239,269.19000244140625,6e-06
2024-10-25,BRK-B,-0.0242,454.010009765625,6e-06
2024-10-25,UNH,-0.0239,544.6513671875,6e-06
2024-10-25,MA,-0.0242,502.8408508300781,6e-06
2024-10-25,MRK,-0.0239,98.68584442138672,6e-06
2024-10-25,PFE,-0.0239,25.69419288635254,6e-06
2024-11-01,AMZN,-0.0105,197.92999267578125,1e-06
2024-11-01,NVDA,-0.011,135.34632873535156,1e-06
2024-11-01,TSLA,-0.0109,248.97999572753906,1e-06
2024-11-01,BRK-B,-0.011,452.1400146484375,1e-06
2024-11-01,UNH,-0.0109,547.5455932617188,1e-06
2024-11-01,MA,-0.011,503.5544738769531,1e-06
2024-11-01,MRK,-0.0109,96.69275665283203,1e-06
2024-11-01,PFE,-0.0109,25.369060516357422,1e-06
2024-11-08,AMZN,-0.0181,208.17999267578125,4e-06
2024-11-08,NVDA,-0.019,147.5714874267578,4e-06
2024-11-08,TSLA,-0.0188,321.2200012207031,4e-06
2024-11-08,BRK-B,-0.019,463.4100036621094,4e-06
2024-11-08,UNH,-0.0188,594.0941162109375,4e-06
2024-11-08,MA,-0.019,520.0859375,4e-06
2024-11-08,MRK,-0.0188,97.6798095703125,4e-06
2024-11-08,PFE,-0.0188,24.506593704223633,4e-06
2024-11-15,AMZN,-0.0023,202.61000061035156,0.0
2024-11-15,NVDA,-0.0024,141.9237060546875,0.0
2024-11-15,TSLA,-0.0024,320.7200012207031,0.0
2024-11-15,BRK-B,-0.0024,470.2799987792969,0.0
2024-11-15,UNH,-0.0024,571.3455810546875,0.0
2024-11-15,MA,-0.0024,517.2415161132812,0.0
2024-11-15,MRK,-0.0024,91.40635681152344,0.0
2024-11-15,PFE,-0.0024,22.74563980102539,0.0
2024-11-22,AMZN,0.005,197.1199951171875,0.0
2024-11-22,NVDA,0.0052,141.8937225341797,0.0
2024-11-22,TSLA,0.0051,352.55999755859375,0.0
2024-11-22,BRK-B,0.0052,476.57000732421875,0.0
2024-11-22,UNH,0.0051,570.0335693359375,0.0
2024-11-22,MA,0.0052,516.2206420898438,0.0
2024-11-22,MRK,0.0051,94.13024139404297,0.0
2024-11-22,PFE,0.0051,23.52522850036621,0.0
2024-12-06,AMZN,0.0498,227.02999877929688,2.7e-05
2024-12-06,NVDA,0.0522,142.3933563232422,2.8e-05
2024-12-06,TSLA,0.0516,389.2200012207031,2.8e-05
2024-12-06,BRK-B,0.0522,470.5,2.8e-05
2024-12-06,UNH,0.0516,530.2382202148438,2.8e-05
2024-12-06,MA,0.0522,523.8619384765625,2.8e-05
2024-12-06,MRK,0.0516,97.84114837646484,2.8e-05
2024-12-06,PFE,0.0516,23.598604202270508,2.8e-05
2024-12-13,AMZN,0.0143,227.4600067138672,2e-06
2024-12-13,NVDA,0.015,134.20602416992188,2e-06
2024-12-13,TSLA,0.0148,436.2300109863281,2e-06
2024-12-13,BRK-B,0.015,457.8999938964844,2e-06
2024-12-13,UNH,0.0148,504.0516662597656,2e-06
2024-12-13,MA,0.015,524.2881469726562,2e-06
2024-12-13,MRK,0.0148,96.80664825439453,2e-06
2024-12-13,PFE,0.0148,23.461029052734375,2e-06
2024-12-20,AMZN,-0.0099,224.9199981689453,1e-06
2024-12-20,NVDA,-0.0103,134.65586853027344,1e-06
2024-12-20,TSLA,-0.0102,421.05999755859375,1e-06
2024-12-20,BRK-B,-0.0103,453.20001220703125,1e-06
2024-12-20,UNH,-0.0102,484.34405517578125,1e-06
2024-12-20,MA,-0.0103,523.3267822265625,1e-06
2024-12-20,MRK,-0.0102,93.80267333984375,1e-06
2024-12-20,PFE,-0.0102,24.17641830444336,1e-06
2024-12-27,AMZN,-0.0222,223.75,5e-06
2024-12-27,NVDA,-0.0233,136.96510314941406,6e-06
2024-12-27,TSLA,-0.0231,431.6600036621094,6e-06
2024-12-27,BRK-B,-0.0233,456.510009765625,6e-06
2024-12-27,UNH,-0.0231,493.8927917480469,6e-06
2024-12-27,MA,-0.0233,527.4596557617188,6e-06
2024-12-27,MRK,-0.0231,95.38118743896484,6e-06
2024-12-27,PFE,-0.0231,24.414878845214844,6e-06
